<PAMDataset>
  <PAMRasterBand band="1">
    <Description>Population Count</Description>
    <Histograms>
      <HistItem>
        <HistMin>-1.261144701960784</HistMin>
        <HistMax>648.0268947019607</HistMax>
        <BucketCount>256</BucketCount>
        <IncludeOutOfRange>1</IncludeOutOfRange>
        <Approximate>0</Approximate>
        <HistCounts>2157170|1209726|137875|15863|787|377|0|32|0|159|0|107|42|0|0|9|47|0|36|0|0|0|0|0|0|0|0|8|0|22|0|0|0|0|0|0|0|60|0|0|0|0|0|0|0|0|0|0|0|0|0|0|0|0|0|0|0|0|0|0|0|0|0|0|0|0|0|17|0|0|0|0|0|0|0|0|0|0|0|0|0|0|0|0|0|0|0|0|0|0|0|0|0|0|0|0|0|0|0|0|0|0|0|0|0|0|0|0|0|0|0|0|0|0|0|0|0|0|0|0|0|0|0|0|0|0|0|0|0|0|0|0|0|0|0|0|0|0|0|0|0|0|0|0|0|0|0|0|0|0|4|0|0|0|1|0|0|0|0|0|0|0|0|0|0|0|0|0|0|0|0|0|0|0|0|0|0|0|0|0|0|0|0|0|0|0|0|0|0|0|0|0|0|0|0|0|0|0|0|0|0|0|0|0|0|0|0|0|0|0|0|0|0|0|0|0|0|0|0|0|0|0|0|0|0|0|0|0|0|0|0|0|0|0|0|0|0|0|0|0|0|0|0|0|0|0|0|0|0|0|0|0|0|0|0|2</HistCounts>
      </HistItem>
    </Histograms>
    <Metadata>
      <MDI key="STATISTICS_MAXIMUM">646.758754</MDI>
      <MDI key="STATISTICS_MEAN">1.3955121888578</MDI>
      <MDI key="STATISTICS_MINIMUM">0.006996</MDI>
      <MDI key="STATISTICS_STDDEV">1.5236998042221</MDI>
    </Metadata>
  </PAMRasterBand>
</PAMDataset>
