<PAMDataset>
  <PAMRasterBand band="1">
    <Description>Population Count</Description>
    <Histograms>
      <HistItem>
        <HistMin>-4.245322443137255</HistMin>
        <HistMax>2181.689240443137</HistMax>
        <BucketCount>256</BucketCount>
        <IncludeOutOfRange>1</IncludeOutOfRange>
        <Approximate>0</Approximate>
        <HistCounts>1616866|1433207|388724|64385|17634|811|71|71|0|29|0|0|233|0|0|78|63|13|0|0|0|0|9|0|0|0|36|8|0|22|0|0|0|0|0|0|0|60|0|0|0|0|0|0|0|0|0|0|0|0|0|0|0|0|0|0|0|0|0|0|0|0|0|0|0|0|0|17|0|0|0|0|0|0|0|0|0|0|0|0|0|0|0|0|0|0|0|0|0|0|0|0|0|0|0|0|0|0|0|0|0|0|0|0|0|0|0|0|0|0|0|0|0|0|0|0|0|0|0|0|0|0|0|0|0|0|0|0|0|0|0|0|0|0|0|0|0|0|0|0|0|0|0|0|0|0|0|0|0|0|4|0|0|0|0|0|0|0|0|0|0|0|0|0|0|0|0|0|0|0|0|0|0|0|0|0|0|0|0|0|0|0|0|0|0|0|0|0|0|0|0|0|0|0|0|0|0|0|0|0|0|0|0|0|0|0|0|0|0|0|0|0|0|0|0|0|0|0|0|1|0|0|0|0|0|0|0|0|0|0|0|0|0|0|0|0|0|0|0|0|0|0|0|0|0|0|0|0|0|0|0|0|0|0|0|2</HistCounts>
      </HistItem>
    </Histograms>
    <Metadata>
      <MDI key="STATISTICS_MAXIMUM">2177.419837</MDI>
      <MDI key="STATISTICS_MEAN">6.6934863439092</MDI>
      <MDI key="STATISTICS_MINIMUM">0.024081</MDI>
      <MDI key="STATISTICS_STDDEV">7.000021939905</MDI>
    </Metadata>
  </PAMRasterBand>
</PAMDataset>
