<PAMDataset>
  <PAMRasterBand band="1">
    <Description>Population Count</Description>
    <Histograms>
      <HistItem>
        <HistMin>-1.827650594117647</HistMin>
        <HistMax>939.0003015941176</HistMax>
        <BucketCount>256</BucketCount>
        <IncludeOutOfRange>1</IncludeOutOfRange>
        <Approximate>0</Approximate>
        <HistCounts>1841225|1261215|350271|53750|14832|375|101|0|29|0|159|32|42|78|16|13|47|0|0|9|0|36|0|0|0|0|0|8|0|22|0|0|0|0|0|0|0|60|0|0|0|0|0|0|0|0|0|0|0|0|0|0|0|0|0|0|0|0|0|0|0|0|0|0|0|0|0|17|0|0|0|0|0|0|0|0|0|0|0|0|0|0|0|0|0|0|0|0|0|0|0|0|0|0|0|0|0|0|0|0|0|0|0|0|0|0|0|0|0|0|0|0|0|0|0|0|0|0|0|0|0|0|0|0|0|0|0|0|0|0|0|0|0|0|0|0|0|0|0|0|0|0|0|0|0|0|0|0|0|0|4|0|0|0|0|0|0|0|0|0|0|0|0|0|0|0|0|0|0|0|0|0|0|0|0|0|0|0|1|0|0|0|0|0|0|0|0|0|0|0|0|0|0|0|0|0|0|0|0|0|0|0|0|0|0|0|0|0|0|0|0|0|0|0|0|0|0|0|0|0|0|0|0|0|0|0|0|0|0|0|0|0|0|0|0|0|0|0|0|0|0|0|0|0|0|0|0|0|0|0|0|0|0|0|0|2</HistCounts>
      </HistItem>
    </Histograms>
    <Metadata>
      <MDI key="STATISTICS_MAXIMUM">937.162747</MDI>
      <MDI key="STATISTICS_MEAN">2.5285552793319</MDI>
      <MDI key="STATISTICS_MINIMUM">0.009904</MDI>
      <MDI key="STATISTICS_STDDEV">2.7328937244878</MDI>
    </Metadata>
  </PAMRasterBand>
</PAMDataset>
