<PAMDataset>
  <PAMRasterBand band="1">
    <Description>Population Count</Description>
    <Histograms>
      <HistItem>
        <HistMin>-4.320881923529412</HistMin>
        <HistMax>2219.79581492353</HistMax>
        <BucketCount>256</BucketCount>
        <IncludeOutOfRange>1</IncludeOutOfRange>
        <Approximate>0</Approximate>
        <HistCounts>1639010|1413437|210684|240051|17992|453|71|71|0|29|0|159|74|0|78|0|63|13|0|0|0|0|9|0|0|0|36|8|0|22|0|0|0|0|0|0|0|60|0|0|0|0|0|0|0|0|0|0|0|0|0|0|0|0|0|0|0|0|0|0|0|0|0|0|0|0|0|17|0|0|0|0|0|0|0|0|0|0|0|0|0|0|0|0|0|0|0|0|0|0|0|0|0|0|0|0|0|0|0|0|0|0|0|0|0|0|0|0|0|0|0|0|0|0|0|0|0|0|0|0|0|0|0|0|0|0|0|0|0|0|0|0|0|0|0|0|0|0|0|0|0|0|0|0|0|0|0|0|0|0|4|0|0|0|0|0|0|0|0|0|0|0|0|0|0|0|0|0|0|0|0|0|0|0|0|0|0|0|0|0|0|0|0|0|0|0|0|0|0|0|0|0|0|0|0|0|0|0|0|0|0|0|0|0|0|0|0|0|0|0|0|0|0|0|0|0|1|0|0|0|0|0|0|0|0|0|0|0|0|0|0|0|0|0|0|0|0|0|0|0|0|0|0|0|0|0|0|0|0|0|0|0|0|0|0|2</HistCounts>
      </HistItem>
    </Histograms>
    <Metadata>
      <MDI key="STATISTICS_MAXIMUM">2215.451837</MDI>
      <MDI key="STATISTICS_MEAN">6.8402130423826</MDI>
      <MDI key="STATISTICS_MINIMUM">0.023096</MDI>
      <MDI key="STATISTICS_STDDEV">7.2972651833878</MDI>
    </Metadata>
  </PAMRasterBand>
</PAMDataset>
